listing_id;title;price_pln;currency;link;subtitle;engine_cm3;power_hp;mileage_km;fuel_type;gearbox;year;location;first_seen_date;last_seen_date;days_on_site;is_active;removed_date;initial_price_pln;lowest_price_pln;price_change_count;last_price_change_date
6145767226;Mitsubishi ASX;41000;PLN;https://www.otomoto.pl/osobowe/oferta/mitsubishi-asx-ID6HW0NQ.html;1590 cm3 • 117 KM • Salon Polska;1590;117;116000;Benzyna;Manualna;2017;Koluszki (Łódzkie);2026-03-28;2026-03-30;2;1;;41000;41000;0;
6146636769;Mitsubishi ASX 1.6 ClearTec 2WD Edition 100+;48900;PLN;https://www.otomoto.pl/osobowe/oferta/mitsubishi-asx-ID6HYF0J.html;1590 cm3 • 117 KM • LIFT 1.6 16V 118 KM 82143 km Gwarancja przebiegu !!!;1590;117;82143;Benzyna;Manualna;2016;Rawicz (Wielkopolskie);2026-03-28;2026-03-30;2;1;;48900;48900;0;
6146246437;Mitsubishi ASX 1.6 Intense Plus Safety;36900;PLN;https://www.otomoto.pl/osobowe/oferta/mitsubishi-asx-ID6HX1t3.html;1590 cm3 • 117 KM • 1.6B Bezwypadkowy z Niemiec rok produkcji 2015 , Opłacony;1590;117;126000;Benzyna;Manualna;2016;Starachowice (Świętokrzyskie);2026-03-28;2026-03-30;2;1;;36900;36900;0;
6146382348;Mitsubishi ASX 1.6 Instyle;42900;PLN;https://www.otomoto.pl/osobowe/oferta/mitsubishi-asx-ID6HXAPa.html;1590 cm3 • 117 KM;1590;117;114579;Benzyna;Manualna;2016;Gdańsk (Pomorskie);2026-03-28;2026-03-30;2;1;;42900;42900;0;
6146094830;Mitsubishi ASX;48900;PLN;https://www.otomoto.pl/osobowe/oferta/mitsubishi-asx-ID6HVo1M.html;1590 cm3 • 117 KM • 1.6 benzyna 43tys km;1590;117;43545;Benzyna;Manualna;2017;Więcbork (Kujawsko-pomorskie);2026-03-28;2026-03-30;2;1;;48900;48900;0;
6146671759;Mitsubishi ASX 1.6 2WD Instyle;41900;PLN;https://www.otomoto.pl/osobowe/oferta/mitsubishi-asx-ID6HYO75.html;1590 cm3 • 117 KM • Śliczny ASX 1.6 benzyna 117tys km grzany fotel Parktronik;1590;117;117000;Benzyna;Manualna;2016;Chojnice (Pomorskie);2026-03-28;2026-03-30;2;1;;41900;41900;0;
6146140126;Mitsubishi ASX 1.6 2WD Edition 100;44000;PLN;https://www.otomoto.pl/osobowe/oferta/mitsubishi-asx-ID6HVzOm.html;1590 cm3 • 117 KM • grzane fotele navi kamera tempomat hak;1590;117;133780;Benzyna;Manualna;2017;Warszawa (Mazowieckie);2026-03-28;2026-03-30;2;0;2026-03-30;44000;44000;0;
6145878105;Mitsubishi ASX 1.6 Instyle NAVI AS&G;47800;PLN;https://www.otomoto.pl/osobowe/oferta/mitsubishi-asx-ID6HWtEd.html;1590 cm3 • 117 KM • Bezwypadkowy! Niski przebieg!;1590;117;103000;Benzyna;Manualna;2017;Wadowice (Małopolskie);2026-03-28;2026-03-29;1;0;2026-03-30;47800;47800;0;
6146459827;Mitsubishi ASX 1.6 Inform;48000;PLN;https://www.otomoto.pl/osobowe/oferta/mitsubishi-asx-ID6HXUYP.html;1590 cm3 • 117 KM;1590;117;86000;Benzyna;Manualna;2018;Wrocław (Dolnośląskie);2026-03-28;2026-03-29;1;0;2026-03-30;48000;48000;0;
6145660470;Mitsubishi ASX 1.6 Inform;47000;PLN;https://www.otomoto.pl/osobowe/oferta/mitsubishi-asx-ID6HUz1Y.html;1590 cm3 • 117 KM • 2018, Pierwszy właściciel, salon Polska, rej 2019;1590;117;131500;Benzyna;Manualna;2018;Łódź (Łódzkie);2026-03-28;2026-03-28;0;0;2026-03-29;47000;47000;0;
6146508548;Mitsubishi ASX 1.6 ClearTec 2WD;42600;PLN;https://www.otomoto.pl/osobowe/oferta/mitsubishi-asx-ID6HY7EE.html;1590 cm3 • 117 KM • Samochód zadbany. w bardzo dobrym stanie.;1590;117;136500;Benzyna;Manualna;2016;Rybnik (Śląskie);2026-03-28;2026-03-28;0;0;2026-03-29;42600;42600;0;
6146657704;Mitsubishi ASX 1.6 2WD Comfort Edition;47900;PLN;https://www.otomoto.pl/osobowe/oferta/mitsubishi-asx-ID6HYKso.html;1590 cm3 • 117 KM • 1.6i 117KM z Niemiec Klima Bezwypadkowy;1590;117;99000;Benzyna;Manualna;2018;Łuków (Lubelskie);2026-03-28;2026-03-29;1;0;2026-03-29;47900;47900;0;
6146106463;Mitsubishi ASX 1.6 Invite EU6;38000;PLN;https://www.otomoto.pl/osobowe/oferta/mitsubishi-asx-ID6HVr3p.html;1590 cm3 • 117 KM • MITSUBISHI ASX garażowany, z salonu Polska, 2016 r. Warszawa;1590;117;147000;Benzyna;Manualna;2016;Warszawa (Mazowieckie);2026-03-28;2026-03-29;1;0;2026-03-29;38000;38000;0;
6146327924;Mitsubishi ASX 1.6 Invite;49900;PLN;https://www.otomoto.pl/osobowe/oferta/mitsubishi-asx-ID6HXmFm.html;1590 cm3 • 117 KM • Lift Serwis Climatronik Podgrzewane Fotele Tempomat Gwarancja!;1590;117;114000;Benzyna;Manualna;2018;Mierzyn (Zachodniopomorskie);2026-03-28;2026-03-29;1;0;2026-03-29;49900;49900;0;
6146517725;Mitsubishi ASX 1.6 2WD SUV-Star+;45200;PLN;https://www.otomoto.pl/osobowe/oferta/mitsubishi-asx-ID6HYa2F.html;1590 cm3 • 117 KM • 1.6 SUV-Star+ Tempomat Nawigacja Xenon Bluetooth Kamera;1590;117;112880;Benzyna;Manualna;2016;Warszawa (Mazowieckie);2026-03-28;2026-03-29;1;0;2026-03-29;45200;45200;0;
6146348513;Mitsubishi ASX 1.6 ClearTec 2WD Edition 100+;43999;PLN;https://www.otomoto.pl/osobowe/oferta/mitsubishi-asx-ID6HXs1r.html;1590 cm3 • 117 KM • 1.6 benzyna 143000km Kamera cofania Sprowadzony i zarejestrowany;1590;117;143500;Benzyna;Manualna;2016;Kostrzyn (Wielkopolskie);2026-03-28;2026-03-29;1;0;2026-03-29;43999;43999;0;
6146267430;Mitsubishi ASX;47900;PLN;https://www.otomoto.pl/osobowe/oferta/mitsubishi-asx-ID6HX6WE.html;1590 cm3 • 117 KM • Niski przebieg / Kamera cofania / Bezwypadkowy / Serwisowany;1590;117;98850;Benzyna;Manualna;2016;Sulechów (Lubuskie);2026-03-28;2026-03-29;1;0;2026-03-29;47900;47900;0;
6146559396;Mitsubishi ASX 1.6 ClearTec 2WD Diamant Edition;49999;PLN;https://www.otomoto.pl/osobowe/oferta/mitsubishi-asx-ID6HYkSM.html;1590 cm3 • 117 KM • 1.6i * Bezwypadkowy * Kamera Xenon * Grzane Fotele * POLIFT * Serwis;1590;117;114000;Benzyna;Manualna;2016;Radomsko (Łódzkie);2026-03-28;2026-03-29;1;0;2026-03-29;49999;49999;0;
6144837578;Mitsubishi ASX;43900;PLN;https://www.otomoto.pl/osobowe/oferta/mitsubishi-asx-ID6HR6Xv.html;1600 cm3 • 117 KM • LIFT - Wzorowy Stan - 1.6 - Kamera- GWARANCJA - Zakup Door To Door;1600;117;142000;Benzyna;Manualna;2016;Płońsk (Mazowieckie);2026-03-28;2026-03-29;1;0;2026-03-29;43900;43900;0;
6144196187;Mitsubishi ASX 1.6 2WD Diamant Edition+;49500;PLN;https://www.otomoto.pl/osobowe/oferta/mitsubishi-asx-ID6HOq6w.html;1590 cm3 • 117 KM • Pierwszy właścicielSerwis ASO Bezwypadkowy;1590;117;108000;Benzyna;Manualna;2016;Olesno (Opolskie);2026-03-28;2026-03-29;1;0;2026-03-29;49500;49500;0;
6146405818;Mitsubishi ASX 1.6 2WD Instyle;44900;PLN;https://www.otomoto.pl/osobowe/oferta/mitsubishi-asx-ID6HXGWI.html;1590 cm3 • 117 KM • Bezwypadkowy, Xenon, Panorama, Navi, Skóra, Clima, Rockford Fosgate;1590;117;149000;Benzyna;Manualna;2016;Leszno (Wielkopolskie);2026-03-28;2026-03-29;1;0;2026-03-29;44900;44900;0;
6146422539;Mitsubishi ASX 1.6 ClearTec 2WD Diamant Edition;44900;PLN;https://www.otomoto.pl/osobowe/oferta/mitsubishi-asx-ID6HXLhp.html;1590 cm3 • 117 KM • 1.6 117KM*Diamant*AS&G*Klimatronic*Tempomat*Serwis*Bezwypadek*1Ręka;1590;117;147003;Benzyna;Manualna;2016;Iława (Warmińsko-mazurskie);2026-03-28;2026-03-29;1;0;2026-03-29;44900;44900;0;
6146274892;Mitsubishi ASX;44900;PLN;https://www.otomoto.pl/osobowe/oferta/mitsubishi-asx-ID6HX8S0.html;1590 cm3 • 117 KM;1590;117;150000;Benzyna;Manualna;2017;Szczecin (Zachodniopomorskie);2026-03-28;2026-03-29;1;0;2026-03-29;44900;44900;0;
6146051887;Mitsubishi ASX 1.6 Intense Plus Navi;45000;PLN;https://www.otomoto.pl/osobowe/oferta/mitsubishi-asx-ID6HVcR9.html;1590 cm3 • 117 KM • Mitsubishi ASX 1.6 Salon PL Pierwszy Właściciel 2017;1590;117;150000;Benzyna;Manualna;2017;Rzeszów (Podkarpackie);2026-03-28;2026-03-29;1;0;2026-03-29;45000;45000;0;
6145869252;Mitsubishi ASX 1.6 ClearTec 2WD Basis;50000;PLN;https://www.otomoto.pl/osobowe/oferta/mitsubishi-asx-ID6HWrlq.html;1590 cm3 • 117 KM • Mitsubishi ASX od osoby prywatnej;1590;117;100000;Benzyna;Manualna;2016;Kraków (Małopolskie);2026-03-28;2026-03-28;0;0;2026-03-29;50000;50000;0;
6145203654;Mitsubishi ASX;48900;PLN;https://www.otomoto.pl/osobowe/oferta/mitsubishi-asx-ID6HSEbY.html;1590 cm3 • 117 KM;1590;117;147000;Benzyna;Manualna;2016;Lipówki (Mazowieckie);2026-03-28;2026-03-28;0;0;2026-03-29;48900;48900;0;
6146362573;Mitsubishi ASX;119900;PLN;https://www.otomoto.pl/osobowe/oferta/mitsubishi-asx-ID6HXwGd.html;1332 cm3 • 158 KM • 1.3T 158KM 7DCT Intense, 2025r. Style + Cold;1332;158;5925;Benzyna;Automatyczna;2025;Sosnowiec (Śląskie);2026-03-29;2026-03-30;1;1;;119900;119900;0;
6141977497;Mitsubishi ASX 1.6 Intense Plus Navi;57990;PLN;https://www.otomoto.pl/osobowe/oferta/mitsubishi-asx-ID6HF6Wb.html;1590 cm3 • 117 KM • najlepszy 1.6 MPI z NAVI i klima Automat;1590;117;98000;Benzyna;Manualna;2017;Czarna (Mazowieckie);2026-03-29;2026-03-30;1;0;2026-03-30;57990;57990;0;
6146269353;Mitsubishi ASX;119900;PLN;https://www.otomoto.pl/osobowe/oferta/mitsubishi-asx-ID6HX7qF.html;1332 cm3 • 158 KM • INTENSE + Style + Cold, 2025r.;1332;158;5023;Benzyna;Automatyczna;2025;Warszawa (Mazowieckie);2026-03-29;2026-03-30;1;1;;119900;119900;0;
6146626524;Mitsubishi ASX 2.0 Invite;66900;PLN;https://www.otomoto.pl/osobowe/oferta/mitsubishi-asx-ID6HYClu.html;1998 cm3 • 150 KM • Mitsubishi ASX 2.0 Salon Polska Pierwszy Właściciel;1998;150;118000;Benzyna;Manualna;2019;Rybnik (Śląskie);2026-03-29;2026-03-30;1;1;;66900;66900;0;
6145817715;Mitsubishi ASX 1.6 Intense Plus Navi;53777;PLN;https://www.otomoto.pl/osobowe/oferta/mitsubishi-asx-ID6HWdVb.html;1590 cm3 • 117 KM • 1.6;1590;117;49514;Benzyna;Manualna;2018;Kielce (Świętokrzyskie);2026-03-29;2026-03-29;0;0;2026-03-30;53777;53777;0;
6146122542;Mitsubishi ASX;52600;PLN;https://www.otomoto.pl/osobowe/oferta/mitsubishi-asx-ID6HVweK.html;1998 cm3 • 150 KM • Mitsubishi ASX 2.0 4WD Outlander Sport Limited Edition;1998;150;53000;Benzyna;Automatyczna;2017;Biłgoraj (Lubelskie);2026-03-29;2026-03-30;1;1;;52600;52600;0;
6145940069;Mitsubishi ASX 1.6 ClearTec 2WD Diamant Edition+;57900;PLN;https://www.otomoto.pl/osobowe/oferta/mitsubishi-asx-ID6HWJLD.html;1590 cm3 • 117 KM • 2019r._1,6B_117KM_Ledy_Kamera Navi_Gwarancja_12m.;1590;117;80910;Benzyna;Manualna;2019;Ostrowiec Świętokrzyski (Świętokrzyskie);2026-03-29;2026-03-30;1;1;;57900;57900;0;
6120753231;Mitsubishi ASX 2.0 Intense 4WD CVT;75000;PLN;https://www.otomoto.pl/osobowe/oferta/mitsubishi-asx-ID6Ge3vj.html;1998 cm3 • 150 KM • F-VAT 23% , Msubishi RVR, ASX, OUTLANDER SPORT , 4x4, 2020, 5tys. km;1998;150;7000;Benzyna;Automatyczna;2020;Pępowo (Pomorskie);2026-03-29;2026-03-30;1;1;;75000;75000;0;
6146206425;Mitsubishi ASX;56900;PLN;https://www.otomoto.pl/osobowe/oferta/mitsubishi-asx-ID6HVR3H.html;1997 cm3 • 150 KM • Mitshubishi ASX/RVR;1997;150;107000;Benzyna;Automatyczna;2020;Warszawa (Mazowieckie);2026-03-29;2026-03-30;1;1;;56900;56900;0;
6144910235;Mitsubishi ASX;71990;PLN;https://www.otomoto.pl/osobowe/oferta/mitsubishi-asx-ID6HRpRp.html;1998 cm3 • 150 KM • 2.0 B 150 KM;1998;150;41994;Benzyna;Automatyczna;2020;Bychawa (Lubelskie);2026-03-29;2026-03-30;1;1;;71990;71990;0;
6146227864;Mitsubishi ASX;57999;PLN;https://www.otomoto.pl/osobowe/oferta/mitsubishi-asx-ID6HVVDu.html;1590 cm3 • 117 KM • Mitsubishi ASX 2018 | Salon Polska | Przebieg 90 tys. km | 1.6 Benzyna;1590;117;90000;Benzyna;Manualna;2018;Iława (Warmińsko-mazurskie);2026-03-29;2026-03-29;0;0;2026-03-30;57999;57999;0;
6146124750;Mitsubishi ASX 1.6 Intense Plus Navi;55900;PLN;https://www.otomoto.pl/osobowe/oferta/mitsubishi-asx-ID6HVwOm.html;1590 cm3 • 117 KM • 1,6 117KM Klima Navi Kamera Serwis;1590;117;96000;Benzyna;Manualna;2018;Orzech (Śląskie);2026-03-29;2026-03-29;0;0;2026-03-30;55900;55900;0;
6146425770;Mitsubishi ASX 1.6 Intense Plus Navi;51900;PLN;https://www.otomoto.pl/osobowe/oferta/mitsubishi-asx-ID6HXM7v.html;1590 cm3 • 117 KM • 1.6 benz, full opcja, przebieg 79 tys, ASO, gwarancja, stan salonowy!;1590;117;79000;Benzyna;Manualna;2016;Kraków (Małopolskie);2026-03-29;2026-03-29;0;0;2026-03-30;51900;51900;0;
6146286224;Mitsubishi ASX;62500;PLN;https://www.otomoto.pl/osobowe/oferta/mitsubishi-asx-ID6HXbOM.html;1590 cm3 • 117 KM • 1.6i 117KM Diamant - Super stan Bezwypadkowy Full Serwis;1590;117;54260;Benzyna;Manualna;2020;Mysłowice (Śląskie);2026-03-29;2026-03-29;0;0;2026-03-30;62500;62500;0;
6140176604;Mitsubishi ASX;64700;PLN;https://www.otomoto.pl/osobowe/oferta/mitsubishi-asx-ID6Hxyqv.html;1998 cm3 • 150 KM • Mitshubishi ASX;1998;150;73000;Benzyna;Automatyczna;2019;Warszawa (Mazowieckie);2026-03-29;2026-03-29;0;0;2026-03-30;64700;64700;0;
6146679053;Mitsubishi ASX 1.6 ClearTec 2WD Diamant Edition+;56400;PLN;https://www.otomoto.pl/osobowe/oferta/mitsubishi-asx-ID6HYQ0J.html;1590 cm3 • 117 KM • 1.6 DIAMANT+ / BEZWYP. / NISKI Przbg. / Serwis.;1590;117;89000;Benzyna;Manualna;2017;Gorzkowice (Łódzkie);2026-03-29;2026-03-29;0;0;2026-03-29;56400;56400;0;
6146009495;Mitsubishi ASX 1.6 Invite;64800;PLN;https://www.otomoto.pl/osobowe/oferta/mitsubishi-asx-ID6HV1Pp.html;1590 cm3 • 117 KM • ASX 1,6 Invite 12/2018! TYLKO 42 tys.km!!;1590;117;42367;Benzyna;Manualna;2018;Łódź (Łódzkie);2026-03-29;2026-03-29;0;0;2026-03-30;64800;64800;0;
6146561708;Mitsubishi ASX;56900;PLN;https://www.otomoto.pl/osobowe/oferta/mitsubishi-asx-ID6HYlu4.html;1590 cm3 • 117 KM • INVITE, 2017r. | Salon PL | I-WŁ | ASO | Tempomat | Czujniki parkowani;1590;117;32515;Benzyna;Manualna;2017;Chorzów (Śląskie);2026-03-29;2026-03-29;0;0;2026-03-29;56900;56900;0;
6144302959;Mitsubishi ASX 1.6 2WD Intense;53900;PLN;https://www.otomoto.pl/osobowe/oferta/mitsubishi-asx-ID6HORSD.html;1590 cm3 • 117 KM • Model 2018*z Salonu*45 tys. wpisuje na fakturze*Org.lakier*1właściciel;1590;117;45981;Benzyna;Manualna;2017;Włocławek (Kujawsko-pomorskie);2026-03-29;2026-03-29;0;0;2026-03-29;53900;53900;0;
6145837711;Mitsubishi ASX;53500;PLN;https://www.otomoto.pl/osobowe/oferta/mitsubishi-asx-ID6HWj8H.html;1590 cm3 • 117 KM • 1.6 MIVEC, Salon Polska, 1. Właściciel, Serwis ASO, Klima,;1590;117;60200;Benzyna;Manualna;2017;Poznań (Wielkopolskie);2026-03-29;2026-03-29;0;0;2026-03-29;53500;53500;0;
6144703737;Mitsubishi ASX 2.0 2WD Intro Edition+;62900;PLN;https://www.otomoto.pl/osobowe/oferta/mitsubishi-asx-ID6HQy8N.html;1998 cm3 • 150 KM • 150KM Kamera Nawigacja Bi-Ksenon Ledy Podgrzewane Fotele Tempomat Lift;1998;150;118477;Benzyna;Manualna;2020;Ostrów Mazowiecka (Mazowieckie);2026-03-29;2026-03-29;0;0;2026-03-29;62900;62900;0;
6146540695;Mitsubishi ASX 1.6 Intense Plus Navi;56990;PLN;https://www.otomoto.pl/osobowe/oferta/mitsubishi-asx-ID6HYg19.html;1590 cm3 • 117 KM • 1.6 117 KM Navi Kamera Bezwypadkowy serwisowany Gwarancja;1590;117;88000;Benzyna;Manualna;2017;Wałbrzych (Dolnośląskie);2026-03-29;2026-03-29;0;0;2026-03-29;56990;56990;0;
6146232816;Mitsubishi ASX 1.6 2WD Comfort Edition;54999;PLN;https://www.otomoto.pl/osobowe/oferta/mitsubishi-asx-ID6HVXWm.html;1590 cm3 • 117 KM • 121oookm **Kamera**Nawigacja**Alu **;1590;117;121000;Benzyna;Manualna;2018;Wola Buczkowska (Łódzkie);2026-03-29;2026-03-29;0;0;2026-03-29;54999;54999;0;
6146608349;Mitsubishi ASX;55900;PLN;https://www.otomoto.pl/osobowe/oferta/mitsubishi-asx-ID6HYxCl.html;1590 cm3 • 117 KM • ASX 1.6 16V Nawigacja! Kamera cofania!! Klimatronik!! grzane fotele!!;1590;117;99000;Benzyna;Manualna;2019;Zduńska Wola (Łódzkie);2026-03-29;2026-03-29;0;0;2026-03-29;55900;55900;0;
6146003830;Mitsubishi ASX 1.6 2WD Diamant Edition;55990;PLN;https://www.otomoto.pl/osobowe/oferta/mitsubishi-asx-ID6HV0m2.html;1590 cm3 • 117 KM • Jedyne 103tkm * NAVI * Kamera * Full ASO * LIFT;1590;117;103000;Benzyna;Manualna;2018;Susz (Warmińsko-mazurskie);2026-03-29;2026-03-29;0;0;2026-03-29;55990;55990;0;
6144593199;Mitsubishi ASX 1.6 Intense Plus;54900;PLN;https://www.otomoto.pl/osobowe/oferta/mitsubishi-asx-ID6HQ5nW.html;1590 cm3 • 117 KM • Pierwszy właściciel,garażowany,sewrwisowany;1590;117;64500;Benzyna;Manualna;2017;Radomsko (Łódzkie);2026-03-29;2026-03-29;0;0;2026-03-29;54900;54900;0;
6146230618;Mitsubishi ASX 1.6 ClearTec 2WD Diamant Edition;56800;PLN;https://www.otomoto.pl/osobowe/oferta/mitsubishi-asx-ID6HVXlU.html;1590 cm3 • 117 KM • Lift 1.6 MIVEC 117KM (( 77.516km ))1OO% oryginał lakier oferta prywata;1590;117;77516;Benzyna;Manualna;2017;1590 cm3 • 117 KM • Lift 1.6 MIVEC 117KM (( 77.516km ))1OO% oryginał lakier oferta prywata;2026-03-29;2026-03-29;0;0;2026-03-29;56800;56800;0;
6144139112;Mitsubishi ASX;63000;PLN;https://www.otomoto.pl/osobowe/oferta/mitsubishi-asx-ID6HObfV.html;1998 cm3 • 150 KM • Mitshubishi ASX Invite 2.0;1998;150;108300;Benzyna;Manualna;2019;Katowice (Śląskie);2026-03-29;2026-03-29;0;0;2026-03-29;63000;63000;0;
6146249429;Mitsubishi ASX 1.6 2WD Diamant Edition;57555;PLN;https://www.otomoto.pl/osobowe/oferta/mitsubishi-asx-ID6HX2fj.html;1590 cm3 • 117 KM • Diamant Edition-Bogate wyposazenie-Maly przebieg-Serwis-Gwarancja!!!;1590;117;96000;Benzyna;Manualna;2017;Gliwice (Śląskie);2026-03-29;2026-03-29;0;0;2026-03-29;57555;57555;0;
6142567214;Mitsubishi ASX 1.6 Intense Plus Navi;59998;PLN;https://www.otomoto.pl/osobowe/oferta/mitsubishi-asx-ID6HHAkK.html;1590 cm3 • 117 KM • 1.6 benz. udok. 98 tys. km Bogata wersja ! Polecam !;1590;117;98200;Benzyna;Manualna;2018;Czarna (Mazowieckie);2026-03-29;2026-03-29;0;0;2026-03-29;59998;59998;0;
6145625342;Mitsubishi ASX 2.0 2WD Intro Edition;68400;PLN;https://www.otomoto.pl/osobowe/oferta/mitsubishi-asx-ID6HUpTo.html;1998 cm3 • 150 KM • navi kamera grzane fotele hak tempomat;1998;150;84581;Benzyna;Manualna;2020;Warszawa (Mazowieckie);2026-03-29;2026-03-29;0;0;2026-03-29;68400;68400;0;
6141924914;Mitsubishi ASX 1.6 ClearTec 2WD Active;55900;PLN;https://www.otomoto.pl/osobowe/oferta/mitsubishi-asx-ID6HETf4.html;1590 cm3 • 117 KM • Mitsubishi ASX 1.6 ClearTec 2WD Active;1590;117;116300;Benzyna;Manualna;2019;Wasilków (Podlaskie);2026-03-29;2026-03-29;0;0;2026-03-29;55900;55900;0;
6146102411;Mitsubishi ASX 1.6 ClearTec 2WD Diamant Edition;53999;PLN;https://www.otomoto.pl/osobowe/oferta/mitsubishi-asx-ID6HVq03.html;1590 cm3 • 117 KM • 1 Sza Ręka 100 Procent Bezwypadkowy Serwisowany Sprowadzony;1590;117;116099;Benzyna;Manualna;2018;Prabuty (Pomorskie);2026-03-29;2026-03-29;0;0;2026-03-29;53999;53999;0;
6146110125;Mitsubishi ASX;53900;PLN;https://www.otomoto.pl/osobowe/oferta/mitsubishi-asx-ID6HVs0t.html;1590 cm3 • 117 KM • Bezwypadkowy niski przebieg idealny stan nawigacja kamera 1.6 benzyna;1590;117;114277;Benzyna;Manualna;2018;Radomsko (Łódzkie);2026-03-29;2026-03-29;0;0;2026-03-29;53900;53900;0;
6146271444;Mitsubishi ASX 1.6 2WD Edition 100;59900;PLN;https://www.otomoto.pl/osobowe/oferta/mitsubishi-asx-ID6HX7Yo.html;1590 cm3 • 117 KM • 1.6 Edition100/Kamera/Navi/LED/serwisowany w ASO/po opłatach;1590;117;122590;Benzyna;Manualna;2019;Chojnice (Pomorskie);2026-03-29;2026-03-29;0;0;2026-03-29;59900;59900;0;
6146649929;Mitsubishi ASX 2.0 2WD Intro Edition+;67999;PLN;https://www.otomoto.pl/osobowe/oferta/mitsubishi-asx-ID6HYIqZ.html;1998 cm3 • 150 KM • Piękny Kolor_2.0_Tylko 114Tys-Serwis_Led_Navi_Kamera_Podg.Fotele_;1998;150;114361;Benzyna;Manualna;2020;Starowa Góra (Łódzkie);2026-03-29;2026-03-29;0;0;2026-03-29;67999;67999;0;
6146322085;Mitsubishi ASX 1.6 Instyle;50900;PLN;https://www.otomoto.pl/osobowe/oferta/mitsubishi-asx-ID6HXl9b.html;1590 cm3 • 117 KM • 1 własciciel zarejestrowany xenon NAVIGACJA LIFT;1590;117;110000;Benzyna;Manualna;2017;Łask (Łódzkie);2026-03-29;2026-03-29;0;0;2026-03-29;50900;50900;0;
6146149862;Mitsubishi ASX 1.6 ClearTec 2WD Edition+;54900;PLN;https://www.otomoto.pl/osobowe/oferta/mitsubishi-asx-ID6HVClo.html;1590 cm3 • 117 KM • Pierwszy Właściel,Bezwypadkowy,Mały Przebieg,Bogata Wersja,Bdb Stan;1590;117;132800;Benzyna;Manualna;2018;Lublin (Lubelskie);2026-03-29;2026-03-29;0;0;2026-03-29;54900;54900;0;
6142497159;Mitsubishi ASX 1.6 ClearTec 2WD Edition 100;61500;PLN;https://www.otomoto.pl/osobowe/oferta/mitsubishi-asx-ID6HHi6P.html;1590 cm3 • 117 KM • 1,6 PB * 50 tys km * Serwis ASO *Kamera*Navi* Bezwypadkowy;1590;117;51000;Benzyna;Manualna;2018;Rzeszów (Podkarpackie);2026-03-29;2026-03-29;0;0;2026-03-29;61500;61500;0;
6146238327;Mitsubishi ASX;81900;PLN;https://www.otomoto.pl/osobowe/oferta/mitsubishi-asx-ID6HVZmf.html;1332 cm3 • 140 KM • 1.3T mHEV 140KM Invite+Style+Cold,Salon PL, gwarancja fabryczna 2028;1332;140;20831;Benzyna;Manualna;2023;Aleksandrów Łódzki (Łódzkie);2026-03-29;2026-03-29;0;0;2026-03-29;81900;81900;0;
6146224776;Mitsubishi ASX 2.0 Instyle 4WD CVT;78500;PLN;https://www.otomoto.pl/osobowe/oferta/mitsubishi-asx-ID6HVWPG.html;1998 cm3 • 150 KM • / Polski salon / 4x4 / Idealny stan / Automat /;1998;150;59600;Benzyna;Automatyczna;2019;Suwałki (Podlaskie);2026-03-29;2026-03-29;0;0;2026-03-29;78500;78500;0;
6146476224;Mitsubishi ASX 2.0 Intense Plus CVT;73900;PLN;https://www.otomoto.pl/osobowe/oferta/mitsubishi-asx-ID6HXZfi.html;1998 cm3 • 150 KM • Bogate wyposażenie skrzynia automatyczna.;1998;150;99877;Benzyna;Automatyczna;2021;Radomsko (Łódzkie);2026-03-29;2026-03-29;0;0;2026-03-29;73900;73900;0;
6146565566;Mitsubishi ASX;52900;PLN;https://www.otomoto.pl/osobowe/oferta/mitsubishi-asx-ID6HYmui.html;1590 cm3 • 117 KM • 1.6 Benzyna, Super Stan - Okazja!!;1590;117;139000;Benzyna;Manualna;2017;Stary Dzierzgoń (Pomorskie);2026-03-29;2026-03-29;0;0;2026-03-29;52900;52900;0;
6146180422;Mitsubishi ASX;53999;PLN;https://www.otomoto.pl/osobowe/oferta/mitsubishi-asx-ID6HVKii.html;1590 cm3 • 117 KM • 1.6 117KM Xenon! Key-less! Kamera! CLIMATRONIC Bezwypadkowy Serwis!;1590;117;130000;Benzyna;Manualna;2017;Gliwice (Śląskie);2026-03-29;2026-03-29;0;0;2026-03-30;53999;53999;0;
6146227287;Mitsubishi ASX 1.6 ClearTec 2WD Diamant Edition+;53555;PLN;https://www.otomoto.pl/osobowe/oferta/mitsubishi-asx-ID6HVVub.html;1590 cm3 • 117 KM • 1.6 117KM Xenon! Key-less! Kamera! CLIMATRONIC Bezwypadkowy Serwis!;1590;117;140000;Benzyna;Manualna;2017;Gliwice (Śląskie);2026-03-29;2026-03-29;0;0;2026-03-29;53555;53555;0;
"6146052050;Mitsubishi ASX 1.6 ClearTec 2WD Edition 100+;55500;PLN;https://www.otomoto.pl/osobowe/oferta/mitsubishi-asx-ID6HVcTM.html;""1590 cm3 • 117 KM • Mitsubishi ASX 1,""6 MIVEC """"""""Edition+"""""""" Idealny na miasto i trasy!""""";1590;117;150000;Benzyna;Manualna;2018;Rawa Mazowiecka (Łódzkie);2026-03-29;2026-03-29;0;0;2026-03-29;55500;55500;0;0;2026-03-30;117;117;0;
6145812452;Mitsubishi ASX 2.0 4WD CVT Intro Edition+;59900;PLN;https://www.otomoto.pl/osobowe/oferta/mitsubishi-asx-ID6HWczi.html;1998 cm3 • 150 KM • Mitaubishi ASX 2019r. benzyna;1998;150;112000;Benzyna;Automatyczna;2019;Śliwice (Kujawsko-pomorskie);2026-03-30;2026-03-30;0;1;;59900;59900;0;
6145813835;Mitsubishi ASX;114900;PLN;https://www.otomoto.pl/osobowe/oferta/mitsubishi-asx-ID6HWcWB.html;1332 cm3 • 140 KM • INVITE + COLD, 2025r.;1332;140;1;Benzyna;Automatyczna;2025;Warszawa (Mazowieckie);2026-03-30;2026-03-30;0;1;;114900;114900;0;
6145814027;Mitsubishi ASX;114900;PLN;https://www.otomoto.pl/osobowe/oferta/mitsubishi-asx-ID6HWcYH.html;1332 cm3 • 140 KM • INVITE + COLD, 2025r.;1332;140;1;Benzyna;Automatyczna;2025;Warszawa (Mazowieckie);2026-03-30;2026-03-30;0;1;;114900;114900;0;
6145397987;Mitsubishi ASX;121900;PLN;https://www.otomoto.pl/osobowe/oferta/mitsubishi-asx-ID6HTsKn.html;1332 cm3 • 158 KM • INTENSE + Style + Cold, 2025r.;1332;158;1;Benzyna;Automatyczna;2025;Warszawa (Mazowieckie);2026-03-30;2026-03-30;0;1;;121900;121900;0;
6145397994;Mitsubishi ASX;140900;PLN;https://www.otomoto.pl/osobowe/oferta/mitsubishi-asx-ID6HTsKu.html;1332 cm3 • 140 KM • INSTYLE+COLD, 2026r. Kamera 360°, Dach panoramiczny, Nawigacja Google;1332;140;1;Benzyna;Automatyczna;2026;Warszawa (Mazowieckie);2026-03-30;2026-03-30;0;1;;140900;140900;0;
6145397990;Mitsubishi ASX;129790;PLN;https://www.otomoto.pl/osobowe/oferta/mitsubishi-asx-ID6HTsKq.html;1332 cm3 • 140 KM • INTENSE + Style + Cold, 2026r.;1332;140;1;Benzyna;Automatyczna;2026;Warszawa (Mazowieckie);2026-03-30;2026-03-30;0;1;;129790;129790;0;
6146679728;Mitsubishi ASX 2.0 Inform;58900;PLN;https://www.otomoto.pl/osobowe/oferta/mitsubishi-asx-ID6HYQbC.html;1998 cm3 • 150 KM • 2.0B 150KM, salon Polska.;1998;150;68300;Benzyna;Manualna;2020;Krobia (Wielkopolskie);2026-03-30;2026-03-30;0;1;;58900;58900;0;
6145386393;Mitsubishi ASX 2.0 Insport CVT;69900;PLN;https://www.otomoto.pl/osobowe/oferta/mitsubishi-asx-ID6HTpJn.html;1998 cm3 • 150 KM;1998;150;59900;Benzyna;Automatyczna;2022;Gościcino (Pomorskie);2026-03-30;2026-03-30;0;1;;69900;69900;0;
6146039968;Mitsubishi ASX 2.0 2WD CVT Intro Edition+;65950;PLN;https://www.otomoto.pl/osobowe/oferta/mitsubishi-asx-ID6HV9KU.html;1998 cm3 • 150 KM • Klimatronik Nawigacja Kamera Cofania Ledy Tempomat AUTOMAT;1998;150;58000;Benzyna;Automatyczna;2020;Konin (Wielkopolskie);2026-03-30;2026-03-30;0;1;;65950;65950;0;
6146163221;Mitsubishi ASX 2.0 2WD CVT Intro Edition+;69900;PLN;https://www.otomoto.pl/osobowe/oferta/mitsubishi-asx-ID6HVFOR.html;1998 cm3 • 150 KM • 2.0 150km Automat Serwis ASO 19/20r I Wl. Navi Kamera FULL LED KLIMATR;1998;150;28000;Benzyna;Automatyczna;2019;Kraków (Małopolskie);2026-03-30;2026-03-30;0;1;;69900;69900;0;
6146578025;Mitsubishi ASX 1.6 Blue Sky Edition;54500;PLN;https://www.otomoto.pl/osobowe/oferta/mitsubishi-asx-ID6HYpJf.html;1590 cm3 • 117 KM • Zadbane auto bez wkładu finansowego, pierwszy właściciel;1590;117;80000;Benzyna;Manualna;2019;Harbutowice (Śląskie);2026-03-30;2026-03-30;0;1;;54500;54500;0;
6146165227;Mitsubishi ASX;72500;PLN;https://www.otomoto.pl/osobowe/oferta/mitsubishi-asx-ID6HVGld.html;1998 cm3 • 150 KM • ASX 2.0 bogate wyposażenie, niski przebieg 2022;1998;150;33000;Benzyna;Automatyczna;2022;Rzeszów (Podkarpackie);2026-03-30;2026-03-30;0;1;;72500;72500;0;
6146399522;Mitsubishi ASX 2.0 4WD CVT Plus;78800;PLN;https://www.otomoto.pl/osobowe/oferta/mitsubishi-asx-ID6HXFia.html;1998 cm3 • 150 KM • Mitsubishi ASX, 2024, 20000 km przebiegu.;1998;150;20090;Benzyna;Automatyczna;2024;Łaskarzew (Mazowieckie);2026-03-30;2026-03-30;0;1;;78800;78800;0;
6144524134;Mitsubishi ASX;78500;PLN;https://www.otomoto.pl/osobowe/oferta/mitsubishi-asx-ID6HPNpY.html;1998 cm3 • 150 KM • Asx/outlander sport 2.0l 4x4 full opcja.;1998;150;67000;Benzyna;Automatyczna;2024;Rzeszów (Podkarpackie);2026-03-30;2026-03-30;0;1;;78500;78500;0;
6146070507;Mitsubishi ASX 2.0 Insport CVT;62900;PLN;https://www.otomoto.pl/osobowe/oferta/mitsubishi-asx-ID6HVhHt.html;1998 cm3 • 150 KM • Sprzedam Mitsubishi Asx / Outlander Sport 2.0 Benzyna+Gaz jak nowy.;1998;150;60385;Benzyna;Automatyczna;2020;Płock (Mazowieckie);2026-03-30;2026-03-30;0;1;;62900;62900;0;
6140003937;Mitsubishi ASX;64000;PLN;https://www.otomoto.pl/osobowe/oferta/mitsubishi-asx-ID6HvPwz.html;1590 cm3 • 117 KM • Stan pojazdu bardzo dobry. Pierwszy właściciel w kraju;1590;117;61000;Benzyna;Manualna;2019;Brynica (Świętokrzyskie);2026-03-30;2026-03-30;0;1;;64000;64000;0;
6146692314;Mitsubishi ASX 1.6 Inform;46900;PLN;https://www.otomoto.pl/osobowe/oferta/mitsubishi-asx-ID6HYTsC.html;1590 cm3 • 117 KM • Inform, Serwisowany w ASO, 1 właściciel, Odtwarzacz płyt CD;1590;117;143534;Benzyna;Manualna;2018;Wrocław (Dolnośląskie);2026-03-30;2026-03-30;0;1;;46900;46900;0;
6146226071;Mitsubishi ASX;113900;PLN;https://www.otomoto.pl/osobowe/oferta/mitsubishi-asx-ID6HVVaz.html;1199 cm3 • 115 KM • Samochód testowy ASX 1,33 AT;1199;115;1350;Benzyna;Automatyczna;2025;Poznań (Wielkopolskie);2026-03-30;2026-03-30;0;1;;113900;113900;0;
